<?xml version="1.0" encoding="utf-8"?>
<install version="1.7" client="administrator" type="language" method="upgrade">
	 <tag>zh-CN</tag>
	<name>简体中文</name>
    <description>Joomla 1.7.0 后台简体中文（Simplified Chinese）语言文件</description>
	<version>1.7.0</version>
	<creationDate>2010-07-20</creationDate>
	<author>Joomla之门</author>
	<authorEmail>joomlagate@gmail.com</authorEmail>
	<authorUrl>http://www.joomlagate.com</authorUrl>
	<copyright>Copyright (C) 2005 - 2011 Open Source Matters &amp; Joomla.fr. All rights reserved.</copyright>
	<license>GNU General Public License version 2 or later; see LICENSE.txt</license>
	<description>
    <![CDATA[
		<div align="center">
			YeYo于2011年7月20日更新，网站：<a href="http://www.nzye.com/" target="_blank">典藏阁</a>，发布网站：<a href="http://www.joomlagate.com/" target="_blank">Joomla之门</a>。
 		</div>
  ]]>
	</description>
	<files>
        <filename>index.html</filename>
		<filename>zh-CN.com_admin.ini</filename>
		<filename>zh-CN.com_admin.sys.ini</filename>
		<filename>zh-CN.com_banners.ini</filename>
		<filename>zh-CN.com_banners.sys.ini</filename>
		<filename>zh-CN.com_cache.ini</filename>
		<filename>zh-CN.com_cache.sys.ini</filename>
		<filename>zh-CN.com_categories.ini</filename>
		<filename>zh-CN.com_categories.sys.ini</filename>
		<filename>zh-CN.com_checkin.ini</filename>
		<filename>zh-CN.com_checkin.sys.ini</filename>
		<filename>zh-CN.com_config.ini</filename>
		<filename>zh-CN.com_config.sys.ini</filename>
		<filename>zh-CN.com_contact.ini</filename>
		<filename>zh-CN.com_contact.sys.ini</filename>
		<filename>zh-CN.com_content.ini</filename>
		<filename>zh-CN.com_content.sys.ini</filename>
		<filename>zh-CN.com_cpanel.ini</filename>
		<filename>zh-CN.com_cpanel.sys.ini</filename>
		<filename>zh-CN.com_installer.ini</filename>
		<filename>zh-CN.com_installer.sys.ini</filename>
		<filename>zh-CN.com_languages.ini</filename>
		<filename>zh-CN.com_languages.sys.ini</filename>
		<filename>zh-CN.com_login.ini</filename>
		<filename>zh-CN.com_login.sys.ini</filename>
		<filename>zh-CN.com_mailto.sys.ini</filename>
		<filename>zh-CN.com_media.ini</filename>
		<filename>zh-CN.com_media.sys.ini</filename>
		<filename>zh-CN.com_menus.ini</filename>
		<filename>zh-CN.com_menus.sys.ini</filename>
		<filename>zh-CN.com_messages.ini</filename>
		<filename>zh-CN.com_messages.sys.ini</filename>
		<filename>zh-CN.com_modules.ini</filename>
		<filename>zh-CN.com_modules.sys.ini</filename>
		<filename>zh-CN.com_newsfeeds.ini</filename>
		<filename>zh-CN.com_newsfeeds.sys.ini</filename>
		<filename>zh-CN.com_plugins.ini</filename>
		<filename>zh-CN.com_plugins.sys.ini</filename>
		<filename>zh-CN.com_redirect.ini</filename>
		<filename>zh-CN.com_redirect.sys.ini</filename>
		<filename>zh-CN.com_search.ini</filename>
		<filename>zh-CN.com_search.sys.ini</filename>
		<filename>zh-CN.com_templates.ini</filename>
		<filename>zh-CN.com_templates.sys.ini</filename>
		<filename>zh-CN.com_users.ini</filename>
		<filename>zh-CN.com_users.sys.ini</filename>
		<filename>zh-CN.com_weblinks.ini</filename>
		<filename>zh-CN.com_weblinks.sys.ini</filename>
		<filename>zh-CN.com_wrapper.ini</filename>
		<filename>zh-CN.com_wrapper.sys.ini</filename>
		<filename>zh-CN.lib_joomla.ini</filename>
		<filename>zh-CN.localise.php</filename>
		<filename>zh-CN.ini</filename>
		<filename>zh-CN.mod_custom.ini</filename>
		<filename>zh-CN.mod_custom.sys.ini</filename>
		<filename>zh-CN.mod_feed.ini</filename>
		<filename>zh-CN.mod_feed.sys.ini</filename>
		<filename>zh-CN.mod_latest.ini</filename>
		<filename>zh-CN.mod_latest.sys.ini</filename>
		<filename>zh-CN.mod_logged.ini</filename>
		<filename>zh-CN.mod_logged.sys.ini</filename>
		<filename>zh-CN.mod_login.ini</filename>
		<filename>zh-CN.mod_login.sys.ini</filename>
		<filename>zh-CN.mod_menu.ini</filename>
		<filename>zh-CN.mod_menu.sys.ini</filename>
		<filename>zh-CN.mod_popular.ini</filename>
		<filename>zh-CN.mod_popular.sys.ini</filename>
		<filename>zh-CN.mod_quickicon.ini</filename>
		<filename>zh-CN.mod_quickicon.sys.ini</filename>
		<filename>zh-CN.mod_status.ini</filename>
		<filename>zh-CN.mod_status.sys.ini</filename>
		<filename>zh-CN.mod_submenu.ini</filename>
		<filename>zh-CN.mod_submenu.sys.ini</filename>
		<filename>zh-CN.mod_title.ini</filename>
		<filename>zh-CN.mod_title.sys.ini</filename>
		<filename>zh-CN.mod_toolbar.ini</filename>
		<filename>zh-CN.mod_toolbar.sys.ini</filename>
		<filename>zh-CN.plg_authentication_gmail.ini</filename>
		<filename>zh-CN.plg_authentication_gmail.sys.ini</filename>
		<filename>zh-CN.plg_authentication_joomla.ini</filename>
		<filename>zh-CN.plg_authentication_joomla.sys.ini</filename>
		<filename>zh-CN.plg_authentication_ldap.ini</filename>
		<filename>zh-CN.plg_authentication_ldap.sys.ini</filename>
		<filename>zh-CN.plg_content_emailcloak.ini</filename>
		<filename>zh-CN.plg_content_emailcloak.sys.ini</filename>
		<filename>zh-CN.plg_content_geshi.ini</filename>
		<filename>zh-CN.plg_content_geshi.sys.ini</filename>
		<filename>zh-CN.plg_content_joomla.ini</filename>
		<filename>zh-CN.plg_content_joomla.sys.ini</filename>
		<filename>zh-CN.plg_content_loadmodule.ini</filename>
		<filename>zh-CN.plg_content_loadmodule.sys.ini</filename>
		<filename>zh-CN.plg_content_pagebreak.ini</filename>
		<filename>zh-CN.plg_content_pagebreak.sys.ini</filename>
		<filename>zh-CN.plg_content_pagenavigation.ini</filename>
		<filename>zh-CN.plg_content_pagenavigation.sys.ini</filename>
		<filename>zh-CN.plg_content_vote.ini</filename>
		<filename>zh-CN.plg_content_vote.sys.ini</filename>
		<filename>zh-CN.plg_editors_codemirror.ini</filename>
		<filename>zh-CN.plg_editors_codemirror.sys.ini</filename>
		<filename>zh-CN.plg_editors_none.ini</filename>
		<filename>zh-CN.plg_editors_none.sys.ini</filename>
		<filename>zh-CN.plg_editors_tinymce.ini</filename>
		<filename>zh-CN.plg_editors_tinymce.sys.ini</filename>
		<filename>zh-CN.plg_editors-xtd_article.ini</filename>
		<filename>zh-CN.plg_editors-xtd_article.sys.ini</filename>
		<filename>zh-CN.plg_editors-xtd_image.ini</filename>
		<filename>zh-CN.plg_editors-xtd_image.sys.ini</filename>
		<filename>zh-CN.plg_editors-xtd_pagebreak.ini</filename>
		<filename>zh-CN.plg_editors-xtd_pagebreak.sys.ini</filename>
		<filename>zh-CN.plg_editors-xtd_readmore.ini</filename>
		<filename>zh-CN.plg_editors-xtd_readmore.sys.ini</filename>
		<filename>zh-CN.plg_extension_joomla.ini</filename>
		<filename>zh-CN.plg_extension_joomla.sys.ini</filename>
		<filename>zh-CN.plg_search_categories.ini</filename>
		<filename>zh-CN.plg_search_categories.sys.ini</filename>
		<filename>zh-CN.plg_search_contacts.ini</filename>
		<filename>zh-CN.plg_search_contacts.sys.ini</filename>
		<filename>zh-CN.plg_search_content.ini</filename>
		<filename>zh-CN.plg_search_content.sys.ini</filename>
		<filename>zh-CN.plg_search_newsfeeds.ini</filename>
		<filename>zh-CN.plg_search_newsfeeds.sys.ini</filename>
		<filename>zh-CN.plg_search_weblinks.ini</filename>
		<filename>zh-CN.plg_search_weblinks.sys.ini</filename>
		<filename>zh-CN.plg_system_cache.ini</filename>
		<filename>zh-CN.plg_system_cache.sys.ini</filename>
		<filename>zh-CN.plg_system_debug.ini</filename>
		<filename>zh-CN.plg_system_debug.sys.ini</filename>
		<filename>zh-CN.plg_system_languagefilter.ini</filename>
		<filename>zh-CN.plg_system_languagefilter.sys.ini</filename>
		<filename>zh-CN.plg_system_log.ini</filename>
		<filename>zh-CN.plg_system_log.sys.ini</filename>
		<filename>zh-CN.plg_system_logout.ini</filename>
		<filename>zh-CN.plg_system_logout.sys.ini</filename>
		<filename>zh-CN.plg_system_p3p.ini</filename>
		<filename>zh-CN.plg_system_p3p.sys.ini</filename>
		<filename>zh-CN.plg_system_redirect.ini</filename>
		<filename>zh-CN.plg_system_redirect.sys.ini</filename>
		<filename>zh-CN.plg_system_remember.ini</filename>
		<filename>zh-CN.plg_system_remember.sys.ini</filename>
		<filename>zh-CN.plg_system_sef.ini</filename>
		<filename>zh-CN.plg_system_sef.sys.ini</filename>
		<filename>zh-CN.plg_user_contactcreator.ini</filename>
		<filename>zh-CN.plg_user_contactcreator.sys.ini</filename>
		<filename>zh-CN.plg_user_joomla.ini</filename>
		<filename>zh-CN.plg_user_joomla.sys.ini</filename>
		<filename>zh-CN.plg_user_profile.ini</filename>
		<filename>zh-CN.plg_user_profile.sys.ini</filename>
		<filename>zh-CN.tpl_bluestork.ini</filename>
		<filename>zh-CN.tpl_bluestork.sys.ini</filename>
		<filename>zh-CN.tpl_hathor.ini</filename>
		<filename>zh-CN.tpl_hathor.sys.ini</filename>
		<filename file="meta">install.xml</filename>
		<filename file="meta">zh-CN.xml</filename>
	</files>
	<params />
</install>
